{"cameraMode":{"drawMode":0,"name":"Shaded","section":"Shading Mode"},"sceneLighting":false,"audioPlay":false,"sceneViewState":{"showFog":true,"showMaterialUpdate":false,"showSkybox":true,"showFlares":true,"showImageEffects":true,"showParticleSystems":true},"in2DMode":false,"pivot":{"x":229.87588500976563,"y":103.7505111694336,"z":41.97461700439453},"rotation":{"x":-0.18375058472156526,"y":0.009433474391698838,"z":-0.0017636955017223955,"w":-0.9829261302947998},"size":501.13037109375,"orthographic":false}