{"cameraMode":{"drawMode":0,"name":"Shaded","section":"Shading Mode"},"sceneLighting":false,"audioPlay":false,"sceneViewState":{"showFog":true,"showMaterialUpdate":false,"showSkybox":true,"showFlares":true,"showImageEffects":true,"showParticleSystems":true},"in2DMode":false,"pivot":{"x":-0.14800836145877839,"y":-1.0973339080810547,"z":-4.855878829956055},"rotation":{"x":-0.36656031012535097,"y":0.000555450445972383,"z":-0.0002190283703384921,"w":-0.9303941130638123},"size":6.635900974273682,"orthographic":false}